model,fold,accuracy,roc_auc,precision,recall,f1
rf,1,0.7811447811447811,0.8508378353630619,0.8349514563106796,0.6417910447761194,0.7257383966244725
rf,2,0.7845117845117845,0.8601776394103103,0.8017241379310345,0.6940298507462687,0.7439999999999999
rf,3,0.7878787878787878,0.8573390715135976,0.8317757009345794,0.664179104477612,0.7385892116182573
rf,4,0.7777777777777778,0.8575554740509811,0.8252427184466019,0.6390977443609023,0.7203389830508473
rf,5,0.7777777777777778,0.7983678708967541,0.8130841121495327,0.6541353383458647,0.7249999999999999
